form	lemma	POS	morph
༄༅། །		PUNCT
བདག་ཅག་	བདག་ཅག་	PRON
གི་	གི་	PART
སྟོན་	སྟོན་	VERB
མཆོག་	མཆོག་	ADJ
ཐུགས་བསྐྱེད་པ་	ཐུགས་བསྐྱེད་པ་	OTHER
འི་	གི་	PART
ཚུལ་	ཚུལ་	NOUN
སོགས་	སོགས་	DET
།		PUNCT
དེ་	དེ་	DET
འང་	ཀྱང་	PART
བདག་ཅག་	བདག་ཅག་	PRON
གི་	གི་	PART
སྟོན་	སྟོན་	VERB
མཆོག་	མཆོག་	ADJ
ཐུགས་རྗེ་	ཐུགས་རྗེ་	NOUN
ཅན་	ཅན་	PART
འདི་	འདི་	DET
དྲིན་ལན་	དྲིན་ལན་	NOUN
བསབ་པ་	བསབ་པ་	VERB
འི་	གི་	PART
མདོ་	མདོ་	NOUN
ར་	ལ་	PART
།		PUNCT
སྔོན་	སྔོན་	ADV
བསྐལ་པ་	བསྐལ་པ་	NOUN
ཐོག་མ་	ཐོག་མ་	NOUN
མེད་པ་	མེད་པ་	VERB
འི་	གི་	PART
དུས་	དུས་	NOUN
ཀྱི་	གི་	PART
གོང་རོལ་	གོང་རོལ་	NOUN
ཞིག་	ཅིག་	PART
ཏུ་	ལ་	PART
སོ་སྐྱེ་	སོ་སྐྱེ་	NOUN
འཆིང་བ་	འཆིང་བ་	VERB
ཀུན་ལྡན་	ཀུན་ལྡན་	NO_POS
དུ་	ལ་	PART
གྱུར་པ་	གྱུར་པ་	VERB
འི་	གི་	PART
ཚེ་	ཚེ་	NOUN
།		PUNCT
ལས་དབང་	ལས་དབང་	NOUN
གིས་	གིས་	PART
མེ་	མེ་	NOUN
ཡི་	གི་	PART
ཤིང་རྟ་	ཤིང་རྟ་	NOUN
ཞེ་	ཅེས་	PART
བྱ་བ་	བྱ་བ་	VERB
འི་	གི་	PART
དམྱལ་བ་	དམྱལ་བ་	NOUN
ར་	ལ་	PART
ལྟུང་བ་	ལྟུང་བ་	VERB
ན་	ལ་	PART
།		PUNCT
གྲོག་	གྲོག་	NOUN
གཞན་	གཞན་	DET
ཞིག་	ཅིག་	PART
དང་	དང་	NO_POS
བསྡོངས་	བསྡོངས་	NO_POS
ཏེ་	སྟེ་	PART
།		PUNCT
དམྱལ་	དམྱལ་	VERB
སྲུང་	སྲུང་	VERB
ཨ་ཝ་	ཨ་ཝ་	NO_POS
གླང་	གླང་	NOUN
མགོ་	མགོ་	NOUN
སྡོད་ས་	སྡོད་ས་	OTHER
འི་	གི་	PART
ཤིང་རྟ་	ཤིང་རྟ་	NOUN
འདྲེན་པ་	འདྲེན་པ་	VERB
འི་	གི་	PART
གྱད་	གྱད་	PROPN
དུ་	ལ་	PART
གྱུར་པ་	གྱུར་པ་	VERB
ན་	ལ་	PART
།		PUNCT
གྲོག་	གྲོག་	NOUN
དེ་	སྟེ་	PART
ཡི་	གི་	PART
ཤིང་རྟ་	ཤིང་རྟ་	NOUN
འདྲེན་	འདྲེན་	NO_POS
མི་	མི་	PART
ནུས་པ་	ནུས་པ་	VERB
སྡུག་བསྔལ་	སྡུག་བསྔལ་	NOUN
བ་	བ་	NOUN
གྱུར་པ་	གྱུར་པ་	VERB
ལ་	ལ་	PART
།		PUNCT
གྱད་	གྱད་	PROPN
ཐེག་ཆེན་	ཐེག་ཆེན་	NOUN
གྱི་	གི་	PART
རིགས་ཅན་	རིགས་ཅན་	ADJ
ཡིན་པ་	ཡིན་པ་	AUX
ས་	གིས་	PART
སྲུང་མ་	སྲུང་མ་	NOUN
ཨ་ཝ་	ཨ་ཝ་	NO_POS
ལ་	ལ་	PART
འདི་	འདི་	DET
ལ་	ལ་	PART
སྙིང་རྗེ་	སྙིང་རྗེ་	NOUN
ཅུང་	ཅུང་	OTHER
སྐྱེད་	སྐྱེད་	VERB
ཅིག་	ཅིག་	PART
བྱས་པ་	བྱས་པ་	VERB
ས་	གིས་	PART
།		PUNCT
དེ་	སྟེ་	PART
ཁྲོ་	ཁྲོ་	VERB
ས་	གིས་	PART
ན་	ནས་	PART
ལྕགས་	ལྕགས་	NOUN
ཀྱི་	གི་	PART
མདུང་རྩེ་	མདུང་རྩེ་	OTHER
གསུམ་	གསུམ་	NUM
གྱད་	གྱད་	PROPN
ཀྱི་	གི་	PART
གཉན་ས་	གཉན་ས་	NO_POS
ར་	ལ་	PART
བསྣུན་པ་	བསྣུན་པ་	VERB
ས་	གིས་	PART
ཚེ་	ཚེ་	NOUN
ཡི་	གི་	PART
དུས་བྱ་	དུས་བྱ་	NO_POS
ས་	གིས་	PART
།		PUNCT
བསྐལ་པ་	བསྐལ་པ་	NOUN
བརྒྱ་	བརྒྱ་	NUM
ཡི་	གི་	PART
སྡིག་པ་	སྡིག་པ་	VERB
བྱང་	བྱང་	NOUN
ན་	ནས་	PART
དེ་ལས་	དེ་ལས་	NO_POS
ཐ་	ཐ་	VERB
ཏེ་	སྟེ་	PART
རིང་	རིང་	NOUN
ཞིག་	ཅིག་	PART
ན་	ནས་	PART
འཛམ་གླིང་	འཛམ་གླིང་	NOUN
ལྷོ་ཕྱོགས་	ལྷོ་ཕྱོགས་	NOUN
ཀྱི་	གི་	PART
རྒྱུད་	རྒྱུད་	NOUN
དུ་	ལ་	PART
རྫ་མཁན་	རྫ་མཁན་	NOUN
ཁྱེའུ་	ཁྱེའུ་	NOUN
སྣང་བྱེད་	སྣང་བྱེད་	PROPN
དུ་	ལ་	PART
གྱུར་	གྱུར་	VERB
ཏེ་	སྟེ་	PART
སངས་རྒྱས་	སངས་རྒྱས་	NOUN
ཤཱཀྱ་	ཤཱཀྱ་	PROPN
ཐུབ་པ་	ཐུབ་པ་	VERB
ཆེན་པོ་	ཆེན་པོ་	ADJ
ལ་	ལ་	PART
ཤིན་ཏུ་	ཤིན་ཏུ་	NO_POS
དད་པ་	དད་པ་	VERB
ར་	ལ་	PART
གྱུར་	གྱུར་	VERB
ཏེ་	སྟེ་	PART
།		PUNCT
ཐུག་པ་	ཐུག་པ་	VERB
འཇམ་པོ་	འཇམ་པོ་	ADJ
ཡོལ་གོ་	ཡོལ་གོ་	NO_POS
གང་	གང་	NO_POS
དང་	དང་	NO_POS
།		PUNCT
མགྲོན་བུ་	མགྲོན་བུ་	NO_POS
ལྔ་	ལྔ་	NUM
ས་	གིས་	PART
མཆོད་	མཆོད་	VERB
དེ་	སྟེ་	PART
།		PUNCT
བདེ་བ་	བདེ་བ་	VERB
ར་	ལ་	PART
གཤེགས་པ་	གཤེགས་པ་	VERB
ཁྱེད་	ཁྱེད་	PRON
སྐུ་	སྐུ་	NOUN
ཅི་འདྲ་	ཅི་འདྲ་	NO_POS
དང་	དང་	NO_POS
།		PUNCT
སོགས་	སོགས་	DET
ཀྱི་	གི་	PART
སྨོན་ལམ་	སྨོན་ལམ་	NOUN
བཏབ་	བཏབ་	VERB
ཅིང་	ཅིང་	PART
བྱང་ཆུབ་	བྱང་ཆུབ་	NOUN
མཆོག་	མཆོག་	ADJ
ཏུ་	ལ་	PART
ཐུགས་	ཐུགས་	NOUN
ཐོག་མ་	ཐོག་མ་	NOUN
ར་	ལ་	PART
བསྐྱེད་པ་	བསྐྱེད་པ་	VERB
སྟེ་	སྟེ་	PART
།		PUNCT
མདོ་སྡེ་	མདོ་སྡེ་	NOUN
བསྐལ་བཟང་	བསྐལ་བཟང་	NOUN
ལ་	ལ་	ADP
ས་	གིས་	PART
ཀྱང་	ཀྱང་	PART
།		PUNCT
ང་	ང་	PRON
ནི་	ནི་	NO_POS
སྔོན་ཚེ་	སྔོན་ཚེ་	NO_POS
དམན་པ་	དམན་པ་	VERB
ར་	ལ་	PART
གྱུར་པ་	གྱུར་པ་	VERB
འི་	གི་	PART
ཚེ་	ཚེ་	NOUN
། །		PUNCT
དེ་བཞིན་	དེ་བཞིན་	OTHER
གཤེགས་པ་	གཤེགས་པ་	VERB
ཤཱཀྱ་	ཤཱཀྱ་	PROPN
ཐུབ་	ཐུབ་	VERB
དེ་	སྟེ་	PART
ལ་	ལ་	PART
"།
།"		PUNCT
འཇམ་	འཇམ་	VERB
གང་ཞིག་	གང་ཞིག་	NO_POS
ནི་	ནི་	NO_POS
དབུལ་བ་	དབུལ་བ་	VERB
ར་	ལ་	PART
བྱ་	བྱ་	VERB
ན་	ནས་	PART
ཀྱང་	ཀྱང་	PART
། །		PUNCT
དང་པོ་	དང་པོ་	ADJ
ར་	ལ་	PART
བྱང་ཆུབ་	བྱང་ཆུབ་	NOUN
མཆོག་	མཆོག་	ADJ
ཏུ་	ལ་	PART
སེམས་བསྐྱེད་	སེམས་བསྐྱེད་	NOUN
དོ་	གོ་	PART
"།
།"		PUNCT
ཞེ་	ཅེས་	PART
དང་པོ་	དང་པོ་	ADJ
ར་	ལ་	PART
ཐུགས་བསྐྱེད་	ཐུགས་བསྐྱེད་	OTHER
ཚུལ་	ཚུལ་	NOUN
དང་	དང་	NO_POS
།		PUNCT
བ་	བ་	NOUN
དུ་	ལ་	PART
ཚོགས་	ཚོགས་	NOUN
བསགས་	བསགས་	VERB
ཚུལ་	ཚུལ་	NOUN
ལ་	ལ་	PART
།		PUNCT
ཐེག་པ་	ཐེག་པ་	NOUN
ཆུང་ངུ་	ཆུང་ངུ་	ADJ
ལ་	ལ་	ADP
ས་	གིས་	PART
།		PUNCT
གྲངས་མེད་	གྲངས་མེད་	NOUN
དང་པོ་	དང་པོ་	ADJ
ལ་	ལ་	PART
།		PUNCT
རྫ་མཁན་	རྫ་མཁན་	NOUN
གྱི་	གི་	PART
ཁྱེའུ་	ཁྱེའུ་	NOUN
ར་	ལ་	PART
གྱུར་པ་	གྱུར་པ་	VERB
འི་	གི་	PART
ཚེ་	ཚེ་	NOUN
། །		PUNCT
ཤཱཀྱ་	ཤཱཀྱ་	PROPN
ཐུབ་པ་	ཐུབ་པ་	VERB
ཆེན་པོ་	ཆེན་པོ་	ADJ
འཇིག་རྟེན་	འཇིག་རྟེན་	NOUN
དུ་	ལ་	PART
བྱོན་པ་	བྱོན་པ་	VERB
ན་	ནས་	PART
།		PUNCT
དེ་བཞིན་	དེ་བཞིན་	OTHER
གཤེགས་	གཤེགས་	VERB
ཡུལ་འཁོར་	ཡུལ་འཁོར་	NO_POS
སྐྱོང་	སྐྱོང་	VERB
གི་	གི་	PART
བ་	བ་	NOUN
ལ་	ལ་	PART
བདུན་	བདུན་	NUM
ཁྲི་	ཁྲི་	NUM
ལྔ་	ལྔ་	NUM
སྟོང་	སྟོང་	NUM
ལ་	ལ་	PART
བསྙེན་བཀུར་	བསྙེན་བཀུར་	NOUN
བྱས་པ་	བྱས་པ་	VERB
དང་	དང་	NO_POS
།		PUNCT
གྲངས་མེད་	གྲངས་མེད་	NOUN
གཉིས་པ་	གཉིས་པ་	NUM
ར་	ལ་	PART
བྲམ་ཟེ་	བྲམ་ཟེ་	NOUN
འི་	གི་	PART
ཁྱེའུ་	ཁྱེའུ་	NOUN
ར་	ལ་	PART
གྱུར་པ་	གྱུར་པ་	VERB
འི་	གི་	PART
ཚེ་	ཚེ་	NOUN
།		PUNCT
མར་མེ་མཛད་	མར་མེ་མཛད་	PROPN
ལ་	ལ་	PART
ཨུཏྤལ་	ཨུཏྤལ་	NO_POS
སྔོན་པོ་	སྔོན་པོ་	ADJ
བདུན་	བདུན་	NUM
གཏོར་བ་	གཏོར་བ་	VERB
ན་	ནས་	PART
བདེ་གཤེགས་	བདེ་གཤེགས་	NOUN
དབང་པོ་	དབང་པོ་	NOUN
འི་	གི་	PART
རྒྱལ་མཚན་	རྒྱལ་མཚན་	NOUN
གྱི་	གི་	PART
བ་	བ་	NOUN
བདུན་	བདུན་	NUM
ཁྲི་	ཁྲི་	NUM
དྲུག་	དྲུག་	NUM
སྟོང་	སྟོང་	NUM
ལ་	ལ་	PART
བསྙེན་བཀུར་	བསྙེན་བཀུར་	NOUN
བྱ་	བྱ་	VERB
།		PUNCT
གྲངས་མེད་	གྲངས་མེད་	NOUN
གསུམ་པ་	གསུམ་པ་	NUM
ལ་	ལ་	PART
རྒྱལ་པོ་	རྒྱལ་པོ་	NOUN
ར་	ལ་	PART
གྱུར་བ་	གྱུར་བ་	VERB
འི་	གི་	PART
ཚེ་	ཚེ་	NOUN
བདེ་གཤེགས་	བདེ་གཤེགས་	NOUN
བདེ་	བདེ་	VERB
མཛད་	མཛད་	VERB
ལ་	ལ་	PART
མཆོད་པ་	མཆོད་པ་	VERB
ཕུལ་	ཕུལ་	VERB
ཞིང་	ཅིང་	PART
།		PUNCT
དེ་	སྟེ་	PART
ཡི་	གི་	PART
སྐུ་གདུང་	སྐུ་གདུང་	NOUN
གི་	གི་	PART
མཆོད་རྟེན་	མཆོད་རྟེན་	NOUN
བརྩེགས་པ་	བརྩེགས་པ་	VERB
ན་	ནས་	PART
།		PUNCT
སངས་རྒྱས་	སངས་རྒྱས་	NOUN
འོད་སྲུང་	འོད་སྲུང་	PROPN
ལ་	ལ་	ADP
ས་	གིས་	PART
རབ་ཏུ་	རབ་ཏུ་	NO_POS
བྱུང་	བྱུང་	VERB
ཞིང་	ཅིང་	PART
ཐུགས་བསྐྱེད་པ་	ཐུགས་བསྐྱེད་པ་	OTHER
འི་	གི་	PART
བ་	བ་	NOUN
བདུན་	བདུན་	NUM
ཁྲི་	ཁྲི་	NUM
བདུན་	བདུན་	NUM
སྟོང་	སྟོང་	NUM
བསྙེན་བཀུར་	བསྙེན་བཀུར་	NOUN
ཞིང་	ཅིང་	PART
མཉེས་པ་	མཉེས་པ་	VERB
ར་	ལ་	PART
བྱ་	བྱ་	VERB
སོ་	གོ་	PART
གསུངས་	གསུངས་	VERB
།		PUNCT
མཛོད་	མཛོད་	NOUN
ལ་	ལ་	ADP
ས་	གིས་	PART
།		PUNCT
ཤཱཀྱ་	ཤཱཀྱ་	PROPN
ཐུབ་	ཐུབ་	VERB
ན་	ནས་	PART
རིན་ཆེན་	རིན་ཆེན་	OTHER
གཙུག་ཏོར་ཅན་	གཙུག་ཏོར་ཅན་	PROPN
གྱི་	གི་	PART
བ་	བ་	NOUN
གྲངས་མེད་	གྲངས་མེད་	NOUN
དང་པོ་	དང་པོ་	ADJ
།		PUNCT
མར་མེ་མཛད་	མར་མེ་མཛད་	PROPN
ཀྱི་	གི་	PART
བ་	བ་	NOUN
གྲངས་མེད་	གྲངས་མེད་	NOUN
གཉིས་	གཉིས་	NUM
།		PUNCT
རྣམ་	རྣམ་	NOUN
གཟིགས་	གཟིགས་	VERB
ཀྱི་	གི་	PART
བ་	བ་	NOUN
གྲངས་མེད་	གྲངས་མེད་	NOUN
གསུམ་	གསུམ་	NUM
།		PUNCT
དེ་ནས་	དེ་ནས་	NO_POS
མཚན་	མཚན་	NOUN
བཟང་	བཟང་	VERB
གི་	གི་	PART
རྒྱུ་	རྒྱུ་	NOUN
སྒྲུབ་པ་	སྒྲུབ་པ་	VERB
ལ་	ལ་	PART
བསྐལ་པ་	བསྐལ་པ་	NOUN
བརྒྱ་	བརྒྱ་	NUM
ཐོགས་	ཐོགས་	VERB
།		PUNCT
བྲམ་ཟེ་	བྲམ་ཟེ་	NOUN
འི་	གི་	PART
ཁྱེའུ་	ཁྱེའུ་	NOUN
ར་	ལ་	PART
གྱུར་པ་	གྱུར་པ་	VERB
ན་	ལ་	PART
སངས་རྒྱས་	སངས་རྒྱས་	NOUN
སྐར་རྒྱལ་	སྐར་རྒྱལ་	PROPN
མེ་	མེ་	NOUN
ཡི་	གི་	PART
ཁམས་	ཁམས་	NOUN
ལ་	ལ་	PART
སྙོམས་	སྙོམས་	VERB
བ་	བ་	NOUN
ཞུགས་པ་	ཞུགས་པ་	VERB
ལ་	ལ་	PART
རྐང་པ་	རྐང་པ་	NOUN
ཡ་	ཡ་	NOUN
གཅིག་	གཅིག་	NUM
འགྲེང་	འགྲེང་	NO_POS
ན་	ནས་	PART
ཞག་	ཞག་	NOUN
བདུན་	བདུན་	NUM
གྱི་	གི་	PART
བ་	བ་	NOUN
བསྐོར་བ་	བསྐོར་བ་	VERB
བྱ་	བྱ་	VERB
།		PUNCT
སྐྱེས་བུ་	སྐྱེས་བུ་	NOUN
ཁྱུ་མཆོག་	ཁྱུ་མཆོག་	NOUN
སོགས་	སོགས་	DET
ཀྱིས་	གིས་	PART
བསྟོད་པ་	བསྟོད་པ་	VERB
ས་	གིས་	PART
བསྐལ་པ་	བསྐལ་པ་	NOUN
དགུ་	དགུ་	NUM
ཡི་	གི་	PART
ཚོགས་	ཚོགས་	NOUN
ཟླུམ་	ཟླུམ་	NO_POS
།		PUNCT
དེ་ནས་	དེ་ནས་	NO_POS
བསྐལ་བ་	བསྐལ་བ་	NOUN
དགུ་	དགུ་	NUM
བཅུ་	བཅུ་	NUM
རྩ་	རྩ་	NUM
གཅིག་	གཅིག་	NUM
འདས་པ་	འདས་པ་	VERB
ན་	ལ་	PART
གྲོང་ཁྱེར་	གྲོང་ཁྱེར་	NOUN
ཉེ་	ཉེ་	NUM
ལྡན་	ལྡན་	VERB
དུ་	ལ་	PART
སངས་རྒྱས་	སངས་རྒྱས་	NOUN
འོད་སྲུང་	འོད་སྲུང་	PROPN
བྱོན་པ་	བྱོན་པ་	VERB
འི་	གི་	PART
ཚེ་	ཚེ་	NOUN
བྲམ་ཟེ་	བྲམ་ཟེ་	NOUN
འི་	གི་	PART
ཁྱེའུ་	ཁྱེའུ་	NOUN
བླ་མ་	བླ་མ་	NOUN
ར་	ལ་	PART
གྱུར་པ་	གྱུར་པ་	VERB
ཡན་ཆད་	ཡན་ཆད་	ADV
ཀྱི་	གི་	PART
མཚན་	མཚན་	NOUN
གྱི་	གི་	PART
རྒྱུ་	རྒྱུ་	NOUN
གྲུབ་	གྲུབ་	VERB
ན་	ནས་	PART
བྱང་སེམས་	བྱང་སེམས་	NOUN
ངེས་པ་	ངེས་པ་	VERB
ལ་	ལ་	PART
གནས་པ་	གནས་པ་	VERB
ཞེ་	ཅེས་	PART
བྱ་	བྱ་	VERB
།		PUNCT
མཚན་	མཚན་	NOUN
བཟང་	བཟང་	VERB
འགྲུབ་པ་	འགྲུབ་པ་	VERB
འི་	གི་	PART
རྒྱུ་	རྒྱུ་	NOUN
མཐ་	མཐའ་	NOUN
ར་	ལ་	PART
ཕྱིན་	ཕྱིན་	VERB
ན་	ནས་	PART
དགའ་ལྡན་	དགའ་ལྡན་	PROPN
དུ་	ལ་	PART
དམ་པ་	དམ་པ་	VERB
ཏོག་	ཏོག་	NOUN
དཀ་	དཀའ་	VERB
ར་	ལ་	PART
དུ་	ལ་	PART
འཁྲུངས་པ་	འཁྲུངས་པ་	VERB
ནི་	ནི་	NO_POS
།		PUNCT
སྐྱེ་བ་	སྐྱེ་བ་	VERB
གཅིག་	གཅིག་	NUM
གིས་	གིས་	PART
ཐོགས་པ་	ཐོགས་པ་	VERB
འི་	གི་	PART
བྱང་ཆུབ་	བྱང་ཆུབ་	NOUN
སེམས་དཔའ་	སེམས་དཔའ་	NOUN
དང་	དང་	NO_POS
།		PUNCT
དེ་ནས་	དེ་ནས་	NO_POS
འཛམ་གླིང་	འཛམ་གླིང་	NOUN
དུ་	ལ་	PART
དོན་	དོན་	NOUN
ཐམས་ཅད་	ཐམས་ཅད་	DET
གྲུབ་པ་	གྲུབ་པ་	VERB
ཞེ་	ཅེས་	PART
བྱ་བ་	བྱ་བ་	VERB
ར་	ལ་	PART
གྱུར་པ་	གྱུར་པ་	VERB
ནི་	ནི་	NO_POS
།		PUNCT
སྲིད་པ་	སྲིད་པ་	VERB
ཐ་མ་པ་	ཐ་མ་པ་	ADJ
འི་	གི་	PART
བྱང་ཆུབ་	བྱང་ཆུབ་	NOUN
སེམས་དཔའ་	སེམས་དཔའ་	NOUN
།		PUNCT
རྟེན་	རྟེན་	NOUN
དེ་	སྟེ་	PART
ལ་	ལ་	PART
རྡོ་རྗེ་	རྡོ་རྗེ་	NOUN
གདན་	གདན་	NOUN
དུ་	ལ་	PART
སྲོད་	སྲོད་	ADV
ལ་	ལ་	PART
བདུད་	བདུད་	NOUN
བཏུལ་	བཏུལ་	NO_POS
།		PUNCT
གུང་	གུང་	ADV
ལ་	ལ་	PART
མཉམ་པ་	མཉམ་པ་	VERB
ར་	ལ་	PART
གཞག་	གཞག་	VERB
།		PUNCT
ཐོ་རངས་	ཐོ་རངས་	ADV
རྡོ་རྗེ་	རྡོ་རྗེ་	NOUN
ལྟ་བུ་	ལྟ་བུ་	NOUN
འི་	གི་	PART
ཏིང་ངེ་འཛིན་	ཏིང་ངེ་འཛིན་	NOUN
མངོན་དུ་	མངོན་དུ་	NO_POS
མཛད་པ་	མཛད་པ་	VERB
འོ་	གོ་	PART
། །		PUNCT
ཞེ་	ཅེས་	PART
བཞེད་	བཞེད་	VERB
།		PUNCT
ཐེག་ཆེན་	ཐེག་ཆེན་	NOUN
ལུགས་	ལུགས་	NOUN
ནི་	ནི་	NO_POS
།		PUNCT
གྲངས་མེད་	གྲངས་མེད་	NOUN
དང་པོ་	དང་པོ་	ADJ
ནི་	ནི་	NO_POS
མོས་པ་	མོས་པ་	VERB
ས་	གིས་	PART
སྤྱོད་པ་	སྤྱོད་པ་	VERB
འི་	གི་	PART
ས་	ས་	ADP
དང་པོ་	དང་པོ་	ADJ
དང་	དང་	NO_POS
།		PUNCT
གྲངས་མེད་	གྲངས་མེད་	NOUN
གཉིས་པ་	གཉིས་པ་	NUM
ས་	གིས་	PART
།		PUNCT
ས་	ས་	ADP
གཉིས་པ་	གཉིས་པ་	NUM
ན་	ནས་	PART
བདུན་པ་	བདུན་པ་	NUM
མན་ཆད་	མན་ཆད་	ADV
དང་	དང་	NO_POS
།		PUNCT
གྲངས་མེད་	གྲངས་མེད་	NOUN
གསུམ་པ་	གསུམ་པ་	NUM
ས་	གིས་	PART
ནི་	ནི་	NO_POS
།		PUNCT
ས་བཅུ་པ་	ས་བཅུ་པ་	NO_POS
མན་ཆད་	མན་ཆད་	ADV
ཐོབ་པ་	ཐོབ་པ་	VERB
ར་	ལ་	PART
བཞེད་	བཞེད་	VERB
།		PUNCT
བརྒྱད་	བརྒྱད་	NUM
སྟོང་	སྟོང་	NUM
འགྲེལ་ཆེན་	འགྲེལ་ཆེན་	NOUN
ལ་	ལ་	ADP
ས་	གིས་	PART
།		PUNCT
གྲངས་མེད་	གྲངས་མེད་	NOUN
སུམ་ཅུ་རྩ་གསུམ་	སུམ་ཅུ་རྩ་གསུམ་	PROPN
དུའང་		NON_WORD
བཤད་	བཤད་	VERB
།		PUNCT
གྲངས་མེད་	གྲངས་མེད་	NOUN
བརྩམས་པ་	བརྩམས་པ་	VERB
འི་	གི་	PART
ཐོག་མ་	ཐོག་མ་	NOUN
ནི་	ནི་	NO_POS
།		PUNCT
ཐེག་	ཐེག་	VERB
བསྡུ་	བསྡུ་	VERB
ལ་	ལ་	ADP
ས་	གིས་	PART
།		PUNCT
བཟང་	བཟང་	VERB
དང་	དང་	NO_POS
སྨོན་པ་	སྨོན་པ་	VERB
འི་	གི་	PART
སྟོབས་	སྟོབས་	NOUN
ཅན་	ཅན་	PART
དང་	དང་	NO_POS
"།
།"		PUNCT
སེམས་	སེམས་	NOUN
བརྟན་	བརྟན་	VERB
ཁྱད་པར་	ཁྱད་པར་	NOUN
འགྲོ་བ་	འགྲོ་བ་	VERB
ཡི་	གིས་	PART
། །		PUNCT
བྱང་ཆུབ་	བྱང་ཆུབ་	NOUN
སེམས་དཔའ་	སེམས་དཔའ་	NOUN
གྲངས་མེད་	གྲངས་མེད་	NOUN
གསུམ་	གསུམ་	NUM
། །		PUNCT
ཀུན་	ཀུན་	DET
ཏུ་	ལ་	PART
བརྩམ་པ་	བརྩམ་པ་	VERB
ར་	ལ་	PART
མཛད་པ་	མཛད་པ་	VERB
ཡིན་	ཡིན་	NO_POS
།		PUNCT
ཅེས་	ཅེས་	PART
ཆོ་	ཆོ་	NOUN
བཞི་པོ་	བཞི་པོ་	NUM
འདི་དག་	འདི་དག་	NO_POS
ཚོགས་ལམ་	ཚོགས་ལམ་	NOUN
དུ་	ལ་	PART
ནམ་	གམ་	PART
ཐོབ་	ཐོབ་	VERB
ན་	ལ་	PART
གྲངས་མེད་	གྲངས་མེད་	NOUN
ཀྱི་	གི་	PART
མགོ་	མགོ་	NOUN
བརྩམས་པ་	བརྩམས་པ་	VERB
ར་	ལ་	PART
བཞེད་	བཞེད་	VERB
དོ་	གོ་	PART
། །		PUNCT
དེ་	དེ་	DET
འང་	ཀྱང་	PART
རྒྱལ་པོ་	རྒྱལ་པོ་	NOUN
རྣམ་རྒྱལ་	རྣམ་རྒྱལ་	NOUN
གྱི་	གི་	PART
སྲ་	སྲ་	NOUN
གཞོན་ནུ་	གཞོན་ནུ་	ADJ
བརྩོན་འགྲུས་	བརྩོན་འགྲུས་	NOUN
སྤྱོད་	སྤྱོད་	VERB
དུ་	ལ་	PART
གྱུར་པ་	གྱུར་པ་	VERB
འི་	གི་	PART
ཚེ་	ཚེ་	NOUN
དེ་བཞིན་	དེ་བཞིན་	OTHER
གཤེགས་པ་	གཤེགས་པ་	VERB
འོད་འཕྲོ་	འོད་འཕྲོ་	NO_POS
འི་	གི་	PART
ཕུང་པོ་	ཕུང་པོ་	NOUN
ལ་	ལ་	ADP
ས་	གིས་	PART
རྗེས་སུ་	རྗེས་སུ་	OTHER
བསྟན་པ་	བསྟན་པ་	VERB
ནོས་	ནོས་	VERB
ཏེ་ལོ་	ཏེ་ལོ་	PROPN
བྱེ་བ་	བྱེ་བ་	NOUN
ཕྲག་	ཕྲག་	NUM
དྲུག་ཅུ་	དྲུག་ཅུ་	NUM
རྩ་	རྩ་	NUM
དྲུག་	དྲུག་	NUM
ཏུ་	ལ་	PART
སངས་རྒྱས་	སངས་རྒྱས་	NOUN
འཁོར་བཅས་	འཁོར་བཅས་	ADJ
མཆོད་པ་	མཆོད་པ་	VERB
ས་	གིས་	PART
ས་	ས་	ADP
དང་པོ་	དང་པོ་	ADJ
མངོན་དུ་	མངོན་དུ་	NO_POS
མཛད་	མཛད་	VERB
།		PUNCT
གྲངས་མེད་	གྲངས་མེད་	NOUN
གཉིས་པ་	གཉིས་པ་	NUM
ར་	ལ་	PART
།		PUNCT
གྲོང་ཁྱེར་	གྲོང་ཁྱེར་	NOUN
ཛམྦུའི་		NON_WORD
ཆུ་	ཆུ་	NOUN
གསེར་	གསེར་	NOUN
དུ་	ལ་	PART
རྒྱལ་པོ་	རྒྱལ་པོ་	NOUN
མཛེ་	མཛེ་	VERB
སྣང་	སྣང་	VERB
ཞེས་་	ཞེས་པ་	PART
བྱུང་བ་	བྱུང་བ་	VERB
ན་	ལ་	PART
།		PUNCT
སྟོན་པ་	སྟོན་པ་	NOUN
ཉིད་	ཉིད་	DET
ཚོང་དཔོན་	ཚོང་དཔོན་	NOUN
ཤེས་རབ་	ཤེས་རབ་	NOUN
བཟང་པོ་	བཟང་པོ་	ADJ
ར་	ལ་	PART
གྱུར་	གྱུར་	VERB
ཏེ་	སྟེ་	PART
།		PUNCT
དེ་བཞིན་	དེ་བཞིན་	OTHER
གཤེགས་པ་	གཤེགས་པ་	VERB
དཀོན་མཆོག་	དཀོན་མཆོག་	NOUN
ཡན་ལག་	ཡན་ལག་	NOUN
རྗེས་སུ་	རྗེས་སུ་	OTHER
བསྟན་པ་	བསྟན་པ་	VERB
ནོས་	ནོས་	VERB
ཤིང་	ཅིང་	PART
།		PUNCT
དེ་བཞིན་	དེ་བཞིན་	OTHER
གཤེགས་པ་	གཤེགས་པ་	VERB
ལོ་	གོ་	PART
སྟོང་	སྟོང་	NUM
དུ་	ལ་	PART
བསྙེན་བཀུར་	བསྙེན་བཀུར་	NOUN
ན་	ནས་	PART
ཚོགས་	ཚོགས་	NOUN
བསགས་པ་	བསགས་པ་	VERB
ས་	གིས་	PART
།		PUNCT
ས་	ས་	ADP
བདུན་པ་	བདུན་པ་	NUM
མངོན་དུ་	མངོན་དུ་	NO_POS
མཛད་	མཛད་	VERB
།		PUNCT
གྲངས་མེད་	གྲངས་མེད་	NOUN
གསུམ་པ་	གསུམ་པ་	NUM
ལ་	ལ་	PART
།		PUNCT
རྒྱལ་པོ་	རྒྱལ་པོ་	NOUN
དགྲ་	དགྲ་	NOUN
ཐུལ་	ཐུལ་	VERB
གྱི་	གི་	PART
ཕོ་བྲང་	ཕོ་བྲང་	NOUN
པདྨ་	པདྨ་	NOUN
ཅན་	ཅན་	PART
དང་	དང་	NO_POS
ཉེ་བ་		
བྲམ་ཟེ་	བྲམ་ཟེ་	NOUN
འི་	གི་	PART
སློབ་མ་	སློབ་མ་	NOUN
གཞོན་ནུ་	གཞོན་ནུ་	ADJ
སྤྲིན་	སྤྲིན་	NOUN
དུ་	ལ་	PART
གྱུར་པ་	གྱུར་པ་	VERB
འི་	གི་	PART
ཚེ་	ཚེ་	NOUN
བདེ་གཤེགས་	བདེ་གཤེགས་	NOUN
མར་མེ་མཛད་	མར་མེ་མཛད་	PROPN
ལ་	ལ་	PART
ཨཏྤལ་		NON_WORD
ལྔ་	ལྔ་	NUM
ས་	གིས་	PART
གཏོ་	གཏོ་	VERB
ཏེ་	སྟེ་	PART
རལ་པ་	རལ་པ་	VERB
གསེར་	གསེར་	NOUN
གྱི་	གི་	PART
མདོག་	མདོག་	NOUN
ཅན་	ཅན་	PART
སྟན་	སྟན་	NOUN
དུ་	ལ་	PART
བཏིང་	བཏིང་	VERB
ན་	ནས་	PART
བདག་	བདག་	PRON
ལུང་	ལུང་	NOUN
སྟོན་	སྟོན་	VERB
བར་མི་	བར་མི་	NO_POS
མཛད་	མཛད་	VERB
ན་	ལ་	PART
ལུས་	ལུས་	NOUN
བསྐམ་པ་	བསྐམ་པ་	VERB
ར་	ལ་	PART
བྱ་	བྱ་	VERB
འོ་	གོ་	PART
ཞེ་	ཅེས་	PART
དམ་བཅ་	དམ་བཅའ་	NOUN
ས་པ་	ས་པ་	PART
།		PUNCT
དེ་བཞིན་	དེ་བཞིན་	OTHER
གཤེགས་པ་	གཤེགས་པ་	VERB
ས་	གིས་	PART
མཁྱེན་	མཁྱེན་	VERB
ཏེ་	སྟེ་	PART
།		PUNCT
རལ་པ་	རལ་པ་	VERB
ལ་	ལ་	PART
ཞབས་	ཞབས་	NOUN
བཞག་	བཞག་	VERB
ན་	ནས་	PART
།		PUNCT
མ་འོངས་པ་	མ་འོངས་པ་	OTHER
ན་	ལ་	PART
སངས་རྒྱས་	སངས་རྒྱས་	NOUN
ཤཱཀྱ་	ཤཱཀྱ་	PROPN
ཐུབ་པ་	ཐུབ་པ་	VERB
ཞེ་	ཅེས་	PART
བྱ་བ་	བྱ་བ་	VERB
ར་	ལ་	PART
འགྱུར་	འགྱུར་	VERB
རོ་	རོ་	NOUN
ཞེ་	ཅེས་	PART
ལུང་སྟོན་པ་	ལུང་སྟོན་པ་	NOUN
ན་	ལ་	PART
དགའ་མགུ་	དགའ་མགུ་	NOUN
རངས་པ་	རངས་པ་	VERB
ར་	ལ་	PART
གྱུར་	གྱུར་	VERB
ན་	ནས་	PART
ཤིང་	ཅིང་	PART
ཏ་ལ་	ཏ་ལ་	OTHER
བདུན་	བདུན་	NUM
སྲིད་	སྲིད་	NOUN
དུ་	ལ་	PART
འཕགས་	འཕགས་	VERB
ན་	ནས་	PART
།		PUNCT
ཏིང་ངེ་འཛིན་	ཏིང་ངེ་འཛིན་	NOUN
བྱེ་བ་	བྱེ་བ་	NOUN
ཁྲག་ཁྲིག་	ཁྲག་ཁྲིག་	NUM
མང་པོ་	མང་པོ་	ADJ
མངོན་དུ་	མངོན་དུ་	NO_POS
བྱ་	བྱ་	VERB
ཏེ་	སྟེ་	PART
ས་	ས་	ADP
བརྒྱད་པ་	བརྒྱད་པ་	NUM
མངོན་དུ་	མངོན་དུ་	NO_POS
མཛད་པ་	མཛད་པ་	VERB
ཡིན་	ཡིན་	NO_POS
ནོ་	གོ་	PART
"།
།"		PUNCT
དེ་ནས་	དེ་ནས་	NO_POS
ཀྱང་	ཀྱང་	PART
བརྒྱ་བྱིན་	བརྒྱ་བྱིན་	PROPN
མིག་	མིག་	NOUN
བཟང་	བཟང་	VERB
སོགས་	སོགས་	DET
སྐྱེ་བ་	སྐྱེ་བ་	VERB
མང་	མང་	VERB
དུ་	ལ་	PART
བཞེས་	བཞེས་	VERB
ན་	ནས་	PART
སེམས་ཅན་	སེམས་ཅན་	NOUN
གྱི་	གི་	PART
དོན་	དོན་	NOUN
མཛད་པ་	མཛད་པ་	VERB
འི་	གི་	PART
མཐ་	མཐའ་	NOUN
ར་	ལ་	PART
ཚེ་ལོ་	ཚེ་ལོ་	NOUN
ཉི་ཁྲི་	ཉི་ཁྲི་	OTHER
འི་	གི་	PART
དུས་	དུས་	NOUN
སུ་	ལ་	PART
སངས་རྒྱས་	སངས་རྒྱས་	NOUN
འོད་	འོད་	NOUN
སྲུངས་	སྲུངས་	VERB
བྱོན་པ་	བྱོན་པ་	VERB
འི་	གི་	PART
ཚེ་	ཚེ་	NOUN
བྲམ་ཟེ་	བྲམ་ཟེ་	NOUN
འི་	གི་	PART
ཁྱེའུ་	ཁྱེའུ་	NOUN
བླ་མ་	བླ་མ་	NOUN
ར་	ལ་	PART
གྱུར་	གྱུར་	VERB
ཏེ་	སྟེ་	PART
གྲངས་མེད་	གྲངས་མེད་	NOUN
གཅིག་	གཅིག་	NUM
ཏུ་	ལ་	PART
སངས་རྒྱས་	སངས་རྒྱས་	NOUN
མང་པོ་	མང་པོ་	ADJ
ལ་	ལ་	PART
བསྙེན་བཀུར་	བསྙེན་བཀུར་	NOUN
ཚོགས་	ཚོགས་	NOUN
བསགས་པ་	བསགས་པ་	VERB
ས་	གིས་	PART
ས་བཅུ་པ་	ས་བཅུ་པ་	NO_POS
མངོན་དུ་	མངོན་དུ་	NO_POS
བྱ་	བྱ་	VERB
ན་	ནས་	PART
།		PUNCT
ས་བཅུ་	ས་བཅུ་	NO_POS
འི་	གི་	PART
རྒྱུན་	རྒྱུན་	NOUN
གྱི་	གི་	PART
ཐ་མ་	ཐ་མ་	ADJ
ར་	ལ་	PART
རྡོ་རྗེ་	རྡོ་རྗེ་	NOUN
ལྟ་བུ་	ལྟ་བུ་	NOUN
འི་	གི་	PART
ཏིང་ངེ་འཛིན་	ཏིང་ངེ་འཛིན་	NOUN
གྱིས་	གིས་	PART
སྒྲིབ་པ་	སྒྲིབ་པ་	VERB
བག་ཆགས་	བག་ཆགས་	NOUN
དང་	དང་	NO_POS
བཅས་པ་	བཅས་པ་	VERB
ཕྱི་	ཕྱི་	OTHER
མི་	མི་	PART
ལྡོག་པ་	ལྡོག་པ་	VERB
ཡོངས་སུ་	ཡོངས་སུ་	NO_POS
སྤངས་པ་	སྤངས་པ་	VERB
མཐ་	མཐའ་	NOUN
ར་	ལ་	PART
ཕྱིན་པ་	ཕྱིན་པ་	VERB
དང་	དང་	NO_POS
།		PUNCT
ཤེས་བྱ་	ཤེས་བྱ་	VERB
ཇི་ལྟ་བ་	ཇི་ལྟ་བ་	ADJ
དང་	དང་	NO_POS
ཇི་སྙེད་པ་	ཇི་སྙེད་པ་	OTHER
འི་	གི་	PART
དོན་	དོན་	NOUN
མངོན་སུམ་	མངོན་སུམ་	NOUN
མཁྱེན་པ་	མཁྱེན་པ་	VERB
འི་	གི་	PART
ཡེ་ཤེས་	ཡེ་ཤེས་	NOUN
བརྙེས་པ་	བརྙེས་པ་	VERB
ས་	གིས་	PART
རྟོགས་པ་	རྟོགས་པ་	VERB
མཐ་	མཐའ་	NOUN
ར་	ལ་	PART
ཕྱིན་པ་	ཕྱིན་པ་	VERB
འི་	གི་	PART
བྱང་ཆུབ་	བྱང་ཆུབ་	NOUN
ཆེན་པོ་	ཆེན་པོ་	ADJ
ཐོབ་པ་	ཐོབ་པ་	VERB
སྟེ་	སྟེ་	PART
།		PUNCT
རང་དོན་	རང་དོན་	NOUN
ཕུན་སུམ་	ཕུན་སུམ་	OTHER
ཚོགས་པ་	ཚོགས་པ་	VERB
ལོངས་སྤྱོད་	ལོངས་སྤྱོད་	NOUN
རྫོགས་	རྫོགས་	VERB
སྐུ་	སྐུ་	NOUN
དང་	དང་	NO_POS
།		PUNCT
གཞན་དོན་	གཞན་དོན་	NOUN
ཕུན་སུམ་	ཕུན་སུམ་	OTHER
ཚོགས་པ་	ཚོགས་པ་	VERB
སྤྲུལ་པ་	སྤྲུལ་པ་	VERB
འི་	གི་	PART
སྐུ་	སྐུ་	NOUN
དང་	དང་	NO_POS
།		PUNCT
དེ་	སྟེ་	PART
གཉིས་ཀ་	གཉིས་ཀ་	OTHER
འི་	གི་	PART
རྟེན་	རྟེན་	NOUN
ཆོ་	ཆོ་	NOUN
ཀྱི་	གི་	PART
སྐུ་	སྐུ་	NOUN
སྟེ་	སྟེ་	PART
གསུམ་	གསུམ་	NUM
གྱི་	གི་	PART
རང་བཞིན་	རང་བཞིན་	NOUN
ནམ་	གམ་	PART
ཟག་པ་	ཟག་པ་	VERB
མེད་པ་	མེད་པ་	VERB
འི་	གི་	PART
ཡོན་ཏན་	ཡོན་ཏན་	NOUN
དང་	དང་	NO_POS
དབྱེ་	དབྱེ་	VERB
ར་	ལ་	PART
མི་	མི་	PART
ཕྱེད་	ཕྱེད་	NUM
ཅིང་	ཅིང་	PART
ཆོས་དབྱིངས་	ཆོས་དབྱིངས་	NOUN
དག་པ་	དག་པ་	VERB
གཉིས་	གཉིས་	NUM
ལྡན་	ལྡན་	VERB
མངོན་དུ་	མངོན་དུ་	NO_POS
གྱུར་པ་	གྱུར་པ་	VERB
འི་	གི་	PART
ཆ་	ཆ་	NOUN
ན་	ནས་	PART
ངོ་བོ་	ངོ་བོ་	NOUN
ཉིད་	ཉིད་	DET
སྐུ་	སྐུ་	NOUN
སྟེ་	སྟེ་	PART
།		PUNCT
མངོན་རྟོགས་	མངོན་རྟོགས་	NOUN
རྒྱན་	རྒྱན་	NOUN
ལ་	ལ་	ADP
ས་	གིས་	PART
།		PUNCT
ཐུབ་པ་	ཐུབ་པ་	VERB
འི་	གི་	PART
ངོ་བོ་	ངོ་བོ་	NOUN
ཉིད་	ཉིད་	DET
སྐུ་	སྐུ་	NOUN
ནི་	ནི་	NO_POS
"།
།"		PUNCT
ཟག་པ་	ཟག་པ་	VERB
མེད་པ་	མེད་པ་	VERB
འི་	གི་	PART
ཆོ་	ཆོ་	NOUN
གང་དག་	གང་དག་	NO_POS
།		PUNCT
ཐོབ་	ཐོབ་	VERB
འགྱུར་	འགྱུར་	VERB
རྣམ་ཀུན་	རྣམ་ཀུན་	NO_POS
རྣམ་དག་པ་	རྣམ་དག་པ་	ADJ
། །		PUNCT
དེ་དག་	དེ་དག་	OTHER
རང་བཞིན་	རང་བཞིན་	NOUN
མཚན་ཉིད་	མཚན་ཉིད་	NOUN
ཅན་	ཅན་	PART
"།
།"		PUNCT
ཞེ་	ཅེས་	PART
དང་	དང་	NO_POS
།		PUNCT
དེ་ཉིད་	དེ་ཉིད་	NOUN
འོག་མིན་	འོག་མིན་	PROPN
ཆེན་པོ་	ཆེན་པོ་	ADJ
ར་	ལ་	PART
སྐུ་	སྐུ་	NOUN
མཚན་	མཚན་	NOUN
དང་	དང་	NO_POS
དཔེ་བྱད་	དཔེ་བྱད་	NOUN
དུ་	ལ་	PART
འབར་བ་	འབར་བ་	VERB
སྟེ་	སྟེ་	PART
།		PUNCT
མཚན་	མཚན་	NOUN
ནི་	ནི་	NO_POS
སུམ་ཅུ་རྩ་གསུམ་	སུམ་ཅུ་རྩ་གསུམ་	PROPN
དང་	དང་	NO_POS
"།
།"		PUNCT
དཔེ་བྱད་	དཔེ་བྱད་	NOUN
བརྒྱད་ཅུ་	བརྒྱད་ཅུ་	NO_POS
འི་	གི་	PART
བདག་ཉིད་	བདག་ཉིད་	NOUN
འདི་	འདི་	DET
། །		PUNCT
ཐེག་ཆེན་	ཐེག་ཆེན་	NOUN
ཉེ་བ་		
ལོངས་སྤྱོད་	ལོངས་སྤྱོད་	NOUN
ཕྱི་	ཕྱི་	OTHER
། །		PUNCT
ཐུབ་པ་	ཐུབ་པ་	VERB
འི་	གི་	PART
ལོངས་སྤྱོད་	ལོངས་སྤྱོད་	NOUN
རྫོགས་	རྫོགས་	VERB
སྐུ་	སྐུ་	NOUN
བཞེད་	བཞེད་	VERB
"།
།"		PUNCT
ཅེས་	ཅེས་	PART
དང་	དང་	NO_POS
།		PUNCT
དེ་ཉིད་	དེ་ཉིད་	NOUN
གདུལ་བྱ་	གདུལ་བྱ་	NOUN
མཐའ་ཡས་པ་	མཐའ་ཡས་པ་	ADJ
ར་	ལ་	PART
སེམས་ཅན་	སེམས་ཅན་	NOUN
གྱི་	གི་	PART
དོན་	དོན་	NOUN
རྒྱུན་	རྒྱུན་	NOUN
མི་	མི་	PART
ཆད་པ་	ཆད་པ་	VERB
ར་	ལ་	PART
མཛད་པ་	མཛད་པ་	VERB
སྟེ་	སྟེ་	PART
།		PUNCT
གང་	གང་	NO_POS
གི་	གི་	PART
སྲིད་པ་	སྲིད་པ་	VERB
ཇི་སྲིད་	ཇི་སྲིད་	PRON
བ་	བ་	NOUN
། །		PUNCT
འགྲོ་	འགྲོ་	VERB
ལ་	ལ་	PART
ཕན་པ་	ཕན་པ་	VERB
སྣ་ཚོགས་	སྣ་ཚོགས་	DET
དག་	དག་	DET
།		PUNCT
མཉམ་	མཉམ་	VERB
དུ་	ལ་	PART
མཛད་པ་	མཛད་པ་	VERB
འི་	གི་	PART
སྐུ་	སྐུ་	NOUN
དེ་	སྟེ་	PART
ནི་	ནི་	NO_POS
། །		PUNCT
ཐུབ་པ་	ཐུབ་པ་	VERB
འི་	གི་	PART
སྤྲུལ་སྐུ་	སྤྲུལ་སྐུ་	NOUN
རྒྱུན་	རྒྱུན་	NOUN
མི་	མི་	PART
ཆད་	ཆད་	VERB
"།
།"		PUNCT
ཅེས་	ཅེས་	PART
གསུངས་པ་	གསུངས་པ་	VERB
ལྟ་	ལྟ་	OTHER
རོ་	རོ་	NOUN
། །		PUNCT
དེ་ལྟ་	དེ་ལྟ་	NO_POS
སྟོན་	སྟོན་	VERB
མཆོག་	མཆོག་	ADJ
ཐུབ་པ་	ཐུབ་པ་	VERB
འི་	གི་	PART
དབང་པོ་	དབང་པོ་	NOUN
དེ་ཉིད་	དེ་ཉིད་	NOUN
ཀྱིས་	གིས་	PART
ཞིང་	ཅིང་	PART
འདི་	འདི་	DET
འི་	གི་	PART
མཛད་པ་	མཛད་པ་	VERB
འི་	གི་	PART
གཙོ་བོ་	གཙོ་བོ་	ADJ
སྡེ་ཚན་	སྡེ་ཚན་	NOUN
བཅུ་གཉིས་	བཅུ་གཉིས་	NO_POS
སུ་	ལ་	PART
དོན་	དོན་	NOUN
གྱིས་	གིས་	PART
འདུ་བ་	འདུ་བ་	VERB
སྟེ་	སྟེ་	PART
།		PUNCT
རྒྱུད་བླ་མ་	རྒྱུད་བླ་མ་	PROPN
ས་	གིས་	PART
།		PUNCT
སྐྱེ་བ་	སྐྱེ་བ་	VERB
མངོན་པ་	མངོན་པ་	OTHER
སྐྱེ་བ་	སྐྱེ་བ་	VERB
དང་	དང་	NO_POS
"།
།"		PUNCT
དགའ་ལྡན་	དགའ་ལྡན་	PROPN
གནས་	གནས་	NOUN
ན་	ནས་	PART
འཕོ་བ་	འཕོ་བ་	VERB
དང་	དང་	NO_POS
། །		PUNCT
ལྷུམས་	ལྷུམས་	NOUN
སུ་	ལ་	PART
འཇུག་	འཇུག་	VERB
དང་	དང་	NO_POS
བལྟམས་པ་	བལྟམས་པ་	VERB
དང་	དང་	NO_POS
། །		PUNCT
བཟོ་	བཟོ་	NO_POS
ཡི་	གི་	PART
གནས་	གནས་	NOUN
ལ་	ལ་	PART
མཁས་པ་	མཁས་པ་	VERB
དང་	དང་	NO_POS
"།
།"		PUNCT
བཙུན་མོ་	བཙུན་མོ་	NOUN
འི་	གི་	PART
འཁོར་	འཁོར་	NOUN
དགྱེས་	དགྱེས་	NO_POS
རོལ་པ་	རོལ་པ་	VERB
དང་	དང་	NO_POS
། །		PUNCT
ངེས་འབྱུང་	ངེས་འབྱུང་	NOUN
དཀའ་བ་	དཀའ་བ་	VERB
སྤྱོད་པ་	སྤྱོད་པ་	VERB
དང་	དང་	NO_POS
། །		PUNCT
བྱང་ཆུབ་	བྱང་ཆུབ་	NOUN
སྙིང་པོ་	སྙིང་པོ་	NOUN
ར་	ལ་	PART
གཤེགས་པ་	གཤེགས་པ་	VERB
དང་	དང་	NO_POS
"།
།"		PUNCT
བདུད་	བདུད་	NOUN
སྡེ་	སྡེ་	NOUN
འཇོམས་	འཇོམས་	NO_POS
དང་	དང་	NO_POS
རྫོགས་པ་	རྫོགས་པ་	VERB
ར་	ལ་	PART
ནི་	ནི་	NO_POS
། །		PUNCT
བྱང་ཆུབ་	བྱང་ཆུབ་	NOUN
ཆོ་	ཆོ་	NOUN
ཀྱི་	གི་	PART
འཁོར་ལོ་	འཁོར་ལོ་	NOUN
དང་	དང་	NO_POS
། །		PUNCT
མྱ་ངན་	མྱ་ངན་	NOUN
འདས་པ་	འདས་པ་	VERB
ར་	ལ་	PART
གཤེགས་	གཤེགས་	VERB
མཛད་	མཛད་	VERB
རྣམས་	རྣམས་	DET
"།
།"		PUNCT
ཡོངས་སུ་	ཡོངས་སུ་	NO_POS
མ་	མ་	PART
དག་ཞིང་	དག་ཞིང་	NO_POS
རྣམས་	རྣམས་	DET
སུ་	ལ་	PART
། །		PUNCT
སྲིད་པ་	སྲིད་པ་	VERB
ཇི་སྲིད་	ཇི་སྲིད་	PRON
གནས་པ་	གནས་པ་	VERB
ར་	ལ་	PART
སྟོན་	སྟོན་	VERB
། །		PUNCT
ཞེ་	ཅེས་	PART
སོ་	གོ་	PART
། །		PUNCT
ཡུལ་	ཡུལ་	NOUN
ཝཱ་	ཝཱ་	NO_POS
རཱ་	རཱ་	NO_POS
ཎ་		NON_WORD
སཱིར་		NON_WORD
བཀའ་འཁོར་	བཀའ་འཁོར་	NO_POS
ལོ་	གོ་	PART
དང་པོ་	དང་པོ་	ADJ
།		PUNCT
གཉིས་པ་	གཉིས་པ་	NUM
བྱ་རྒོད་	བྱ་རྒོད་	NOUN
ཕུང་པོ་	ཕུང་པོ་	NOUN
འི་	གི་	PART
རི་བོ་	རི་བོ་	NOUN
ར་	ལ་	PART
བཀའ་	བཀའ་	NOUN
བར་པ་	བར་པ་	NOUN
།		PUNCT
ཡུལ་	ཡུལ་	NOUN
མཉན་ཡོད་	མཉན་ཡོད་	PROPN
ལ་སོགས་པ་	ལ་སོགས་པ་	NO_POS
ར་	ལ་	PART
བཀའ་འཁོར་	བཀའ་འཁོར་	NO_POS
ལོ་	གོ་	PART
ཐ་མ་	ཐ་མ་	ADJ
བསྐོར་བ་	བསྐོར་བ་	VERB
།		PUNCT
ཅིག་	ཅིག་	PART
ཆ་	ཆ་	NOUN
ར་	ལ་	PART
དུ་	ལ་	PART
བསྐོར་བ་	བསྐོར་བ་	VERB
ནི་	ནི་	NO_POS
།		PUNCT
དགོངས་པ་	དགོངས་པ་	VERB
ལུང་	ལུང་	NOUN
སྟོན་ལས་	སྟོན་ལས་	NO_POS
།		PUNCT
རྟོག་པ་	རྟོག་པ་	VERB
མེད་	མེད་	VERB
ཅིང་	ཅིང་	PART
འཁྲུལ་	འཁྲུལ་	NO_POS
མེད་པ་	མེད་པ་	VERB
"།
།"		PUNCT
ཡིད་འོང་	ཡིད་འོང་	ADJ
རྡོ་རྗེ་	རྡོ་རྗེ་	NOUN
འི་	གི་	PART
ཚིག་	ཚིག་	NOUN
གཅིག་པུ་	གཅིག་པུ་	ADJ
། །		PUNCT
གདུལ་བྱ་	གདུལ་བྱ་	NOUN
འི་	གི་	PART
བསམ་པ་	བསམ་པ་	VERB
འི་	གི་	PART
དབང་	དབང་	NOUN
གིས་	གིས་	PART
ནི་	ནི་	NO_POS
། །		PUNCT
བྱེ་བྲག་	བྱེ་བྲག་	NOUN
མང་པོ་	མང་པོ་	ADJ
ར་	ལ་	PART
འགྱུར་བ་	འགྱུར་བ་	VERB
ཡིན་	ཡིན་	NO_POS
"།
།"		PUNCT
ཅེས་	ཅེས་	PART
སོ་	གོ་	PART
"།། །།

༈"		PUNCT
བཀའ་	བཀའ་	NOUN
བསྡུ་	བསྡུ་	VERB
དང་པོ་	དང་པོ་	ADJ
།		PUNCT
ནྱ་གྲོ་	ནྱ་གྲོ་	NO_POS
དྷ་		NON_WORD
ཕུག་	ཕུག་	NOUN
ཏུ་	ལ་	PART
དབེན་པ་	དབེན་པ་	VERB
ར་	ལ་	PART
གཟིགས་	གཟིགས་	VERB
ན་	ནས་	PART
དེ་ཉིད་	དེ་ཉིད་	NOUN
དུ་	ལ་	PART
བྱོན་	བྱོན་	VERB
ནོ་	གོ་	PART
། །		PUNCT
བཀའ་	བཀའ་	NOUN
བསྡུ་	བསྡུ་	VERB
གཉིས་པ་	གཉིས་པ་	NUM
ར་	ལ་	PART
།		PUNCT
ཡངས་པ་	ཡངས་པ་	ADJ
ཅན་	ཅན་	PART
གྱི་	གི་	PART
དགེ་སློང་	དགེ་སློང་	NOUN
རྣམས་	རྣམས་	DET
ཀྱིས་	གིས་	PART
མི་	མི་	PART
རུང་བ་	རུང་བ་	VERB
འི་	གི་	PART
གཞི་	གཞི་	NOUN
བཅུ་	བཅུ་	NUM
སྤྱོད་པ་	སྤྱོད་པ་	VERB
ན་	ལ་	PART
།		PUNCT
ཡངས་པ་	ཡངས་པ་	ADJ
ཅན་	ཅན་	PART
གྱི་	གི་	PART
ཀཥྨི་		NON_WORD
པཱུ་		NON_WORD
རི་	རི་	NOUN
འི་	གི་	PART
གཙུག་ལག་ཁང་	གཙུག་ལག་ཁང་	NOUN
དུ་	ལ་	PART
དགྲ་བཅོམ་པ་	དགྲ་བཅོམ་པ་	NOUN
གྲགས་པ་	གྲགས་པ་	VERB
ར་	ལ་	PART
མྱ་ངན་མེད་	མྱ་ངན་མེད་	PROPN
ཀྱི་	གི་	PART
སྦྱིན་བདག་	སྦྱིན་བདག་	NOUN
བྱ་	བྱ་	VERB
ཏེ་	སྟེ་	PART
།		PUNCT
དགྲ་བཅོམ་	དགྲ་བཅོམ་	NOUN
བདུན་	བདུན་	NUM
བརྒྱ་	བརྒྱ་	NUM
འདུ་	འདུ་	VERB
ན་	ནས་	PART
གཞི་	གཞི་	NOUN
བཅུ་	བཅུ་	NUM
སུན་	སུན་	NO_POS
དབྱུངས་		NON_WORD
ཏེ་	སྟེ་	PART
བཀའ་	བཀའ་	NOUN
བསྡུ་	བསྡུ་	VERB
མཛད་	མཛད་	VERB
དོ་	གོ་	PART
"།
།"		PUNCT
བཀའ་	བཀའ་	NOUN
བསྡུ་	བསྡུ་	VERB
གསུམ་པ་	གསུམ་པ་	NUM
ནི་	ནི་	NO_POS
།		PUNCT
ཁ་ཆེ་	ཁ་ཆེ་	PROPN
འི་	གི་	PART
ཡུལ་	ཡུལ་	NOUN
གྱི་	གི་	PART
བྱེ་བྲག་	བྱེ་བྲག་	NOUN
ཀུན་	ཀུན་	DET
ས་	ས་	ADP
ན་	ལ་	PART
ཞེ་	ཅེས་	PART
བྱ་བ་	བྱ་བ་	VERB
འི་	གི་	PART
དགོན་པ་	དགོན་པ་	NOUN
ར་	ལ་	PART
།		PUNCT
ཛ་	ཛ་	OTHER
ལནྡྷ་		NON_WORD
ར་	ར་	ADP
འི་	གི་	PART
རྒྱལ་པོ་	རྒྱལ་པོ་	NOUN
ཀ་	ཀ་	DET
ནིཥྐས་		NON_WORD
སྦྱིན་བདག་	སྦྱིན་བདག་	NOUN
བྱ་	བྱ་	VERB
ན་	ནས་	PART
གནས་བརྟན་	གནས་བརྟན་	NOUN
དགྲ་བཅོམ་པ་	དགྲ་བཅོམ་པ་	NOUN
སེངྒེ་		NON_WORD
ཞེ་	ཅེས་	PART
བྱ་བ་	བྱ་བ་	VERB
ས་	གིས་	PART
གཞི་	གཞི་	NOUN
བཟུངས་		NON_WORD
པུརྞི་		NON_WORD
ཀ་	ཀ་	DET
སོགས་	སོགས་	DET
དགྲ་བཅོམ་	དགྲ་བཅོམ་	NOUN
ལྔ་	ལྔ་	NUM
བརྒྱ་	བརྒྱ་	NUM
།		PUNCT
བ་	པ་	PART
སུ་	ལ་	PART
མི་	མི་	PART
ཏྲ་		NON_WORD
སོགས་	སོགས་	DET
བྱང་སེམས་	བྱང་སེམས་	NOUN
ལྔ་	ལྔ་	NUM
བརྒྱ་	བརྒྱ་	NUM
།		PUNCT
སོ་སོ་	སོ་སོ་	PRON
འི་	གི་	PART
སྐྱེ་བོ་	སྐྱེ་བོ་	NOUN
འི་	གི་	PART
པཎྜི་ཏ་	པཎྜི་ཏ་	NOUN
ལྔ་	ལྔ་	NUM
བརྒྱ་	བརྒྱ་	NUM
འདུ་	འདུ་	VERB
ན་	ནས་	PART
སྡེ་པ་	སྡེ་པ་	NOUN
བཅོ་བརྒྱད་	བཅོ་བརྒྱད་	NO_POS
བཀ་	བཀའ་	NOUN
ར་	ལ་	PART
སྒྲུབ་	སྒྲུབ་	VERB
སྟེ་	སྟེ་	PART
བཀའ་	བཀའ་	NOUN
བསྡུ་	བསྡུ་	VERB
མཛད་	མཛད་	VERB
"།།
།།

༈"		PUNCT
ཐོག་མ་	ཐོག་མ་	NOUN
ར་	ལ་	PART
དབུ་	དབུ་	NOUN
མཐ་	མཐའ་	NOUN
ར་	ལ་	PART
མེད་	མེད་	VERB
ཅིང་	ཅིང་	PART
རྣམ་དབྱེ་	རྣམ་དབྱེ་	OTHER
ར་	ལ་	PART
མེད་	མེད་	VERB
། །		PUNCT
གཉིས་	གཉིས་	NUM
མེད་	མེད་	VERB
གསུམ་	གསུམ་	NUM
བྲལ་	བྲལ་	VERB
དྲི་མེད་	དྲི་མེད་	ADJ
རྣམ་རྟོག་	རྣམ་རྟོག་	NOUN
མེད་	མེད་	VERB
། །		PUNCT
ཆོས་དབྱིངས་	ཆོས་དབྱིངས་	NOUN
རང་བཞིན་	རང་བཞིན་	NOUN
གང་ཡིན་	གང་ཡིན་	NO_POS
དེ་	སྟེ་	PART
སྟོང་བ་	སྟོང་བ་	NUM
"།
།"		PUNCT
མཉམ་པ་	མཉམ་པ་	VERB
ར་	ལ་	PART
བཞག་པ་	བཞག་པ་	VERB
འི་	གི་	PART
རྣལ་འབྱོར་པ་	རྣལ་འབྱོར་པ་	NOUN
ཡི་	གིས་	PART
མཐོང་	མཐོང་	VERB
། །		PUNCT
གང་	གང་	NO_POS
ཕྱི་	ཕྱི་	OTHER
རྒྱལ་	རྒྱལ་	VERB
ལ་	ལ་	ADP
ས་	གིས་	PART
ཆེ་	ཆེ་	VERB
མཁའ་	མཁའ་	VERB
འགའ་ཡང་	འགའ་ཡང་	NO_POS
འཇིག་རྟེན་	འཇིག་རྟེན་	NOUN
འདི་	འདི་	DET
ན་	ལ་	PART
ཡོད་	ཡོད་	VERB
མིན་	མིན་	AUX
ཏེ་	སྟེ་	PART
"།
།"		PUNCT
མ་	མ་	PART
ལུས་	ལུས་	NOUN
དེ་ཉིད་	དེ་ཉིད་	NOUN
མཆོག་	མཆོག་	ADJ
ནི་	ནི་	NO_POS
ཚུལ་བཞིན་	ཚུལ་བཞིན་	NOUN
ཀུན་མཁྱེན་	ཀུན་མཁྱེན་	OTHER
གྱིས་	གིས་	PART
མཁྱེན་	མཁྱེན་	VERB
གཞན་	གཞན་	DET
མིན་པ་	མིན་པ་	VERB
"།
།"		PUNCT
དེ་ཕྱིར་	དེ་ཕྱིར་	NO_POS
དྲང་སྲོང་	དྲང་སྲོང་	NOUN
རང་ཉིད་	རང་ཉིད་	OTHER
ཀྱིས་	གིས་	PART
བཞག་	བཞག་	VERB
མདོ་སྡེ་	མདོ་སྡེ་	NOUN
གང་ཡིན་	གང་ཡིན་	NO_POS
དེ་	སྟེ་	PART
མི་	མི་	PART
དཀྲུགས་		NON_WORD
། །		PUNCT
ཐུབ་	ཐུབ་	VERB
ཚུལ་	ཚུལ་	NOUN
བཤིག་	བཤིག་	VERB
ཕྱི་	ཕྱི་	OTHER
དེ་ཡང་	དེ་ཡང་	ADV
དམ་ཆོས་	དམ་ཆོས་	NOUN
ལ་	ལ་	PART
ནི་	ནི་	NO_POS
གནོད་པ་	གནོད་པ་	VERB
བྱེད་པ་	བྱེད་པ་	VERB
ར་	ལ་	PART
འགྱུར་	འགྱུར་	VERB
"།།
།།

༈"		PUNCT
འཁོར་	འཁོར་	NOUN
ལྔ་	ལྔ་	NUM
སྡེ་	སྡེ་	NOUN
ནི་	ནི་	NO_POS
།		PUNCT
ཀུན་ཤེས་	ཀུན་ཤེས་	PROPN
ཀཽ་	ཀཽ་	NO_POS
ཌི་		NON_WORD
ཎྱ་		NON_WORD
།		PUNCT
རྟ་ཐུལ་	རྟ་ཐུལ་	PROPN
།		PUNCT
བཟང་ལྡན་	བཟང་ལྡན་	PROPN
།		PUNCT
རླངས་པ་	རླངས་པ་	NOUN
།		PUNCT
མིང་	མིང་	NOUN
ཆེན་	ཆེན་	NO_POS
ལྔ་	ལྔ་	NUM
འོ་	གོ་	PART
།། །།		PUNCT
